playerSum,dealerUpcard,usableAce,action,qValue,visitCount
12,9,1,0,-0.060000,700
12,9,1,1,-0.454545,11
12,8,1,0,0.047143,700
12,8,1,1,-1.000000,5
13,4,1,0,0.076240,1915
13,4,1,1,-0.259259,27
11,7,0,0,0.287684,8485
11,7,0,1,-0.510204,49
13,2,0,0,-0.493976,83
13,2,0,1,-0.286219,17277
15,6,0,0,-0.392405,79
15,6,0,1,-0.153299,14612
16,6,0,0,-0.283019,53
16,6,0,1,-0.171746,11354
6,2,0,0,-0.384615,13
6,2,0,1,-0.310599,2170
18,10,1,0,-0.201212,12216
18,10,1,1,-0.309859,71
12,11,0,0,-0.544363,16579
12,11,0,1,-0.636364,110
15,7,0,0,-0.361627,17554
15,7,0,1,-0.500867,577
18,2,0,0,-0.714286,63
18,2,0,1,0.113533,13441
13,6,0,0,-0.252427,103
13,6,0,1,-0.133685,16322
6,11,0,0,-0.555888,2675
6,11,0,1,-1.000000,11
19,9,1,0,-0.013534,665
19,9,1,1,0.306683,2514
10,11,0,0,-0.247680,7219
10,11,0,1,-0.764706,51
20,2,0,0,-0.833333,102
20,2,0,1,0.625889,18981
17,7,0,0,-0.470588,85
17,7,0,1,-0.103842,17334
12,4,0,0,-0.360825,97
12,4,0,1,-0.189170,16768
13,4,0,0,-0.213333,75
13,4,0,1,-0.179770,16115
19,6,0,0,-0.742424,66
19,6,0,1,0.491755,10794
15,6,1,0,0.128193,2192
15,6,1,1,-0.000000,18
9,3,0,0,0.127696,5842
9,3,0,1,-0.315789,38
16,2,1,0,-0.016689,2217
16,2,1,1,-0.230769,26
11,2,0,0,0.254503,7328
11,2,0,1,-0.303430,758
11,10,0,0,0.041956,34679
11,10,0,1,-0.547500,1600
10,3,0,0,0.244335,6487
10,3,0,1,0.023256,43
20,3,0,0,-0.802326,86
20,3,0,1,0.634429,17288
7,6,0,0,0.068718,3900
7,6,0,1,-0.176471,17
20,4,1,0,0.117647,17
20,4,1,1,0.640521,3149
20,11,0,0,-0.952000,125
20,11,0,1,0.159053,24715
8,4,0,0,0.044957,823
8,4,0,1,-0.158777,3697
18,4,0,0,-0.792453,53
18,4,0,1,0.147687,10854
16,5,1,0,0.149079,597
16,5,1,1,-0.096823,1322
10,2,0,0,0.204149,5158
10,2,0,1,-0.263666,1244
17,11,0,0,-0.694321,13753
17,11,0,1,-0.625028,4459
17,3,0,0,-0.413333,75
17,3,0,1,-0.101120,12856
19,6,1,0,0.285714,21
19,6,1,1,0.471111,3150
6,8,0,0,-0.251453,2581
6,8,0,1,-0.600000,45
13,3,0,0,-0.295238,105
13,3,0,1,-0.254871,14988
5,10,0,0,-0.380056,7120
5,10,0,1,-0.613636,704
18,8,1,0,-0.500000,10
18,8,1,1,0.101116,3046
20,8,0,0,-0.872727,110
20,8,0,1,0.789733,22324
14,4,1,0,0.073543,1115
14,4,1,1,-0.144578,996
16,10,0,0,-0.560953,77962
16,10,0,1,-0.628788,528
14,10,1,0,-0.156960,8104
14,10,1,1,-0.550239,418
9,2,0,0,0.086415,5543
9,2,0,1,-0.166667,24
16,3,0,0,-0.461538,78
16,3,0,1,-0.239340,13930
20,2,1,0,0.263158,19
20,2,1,1,0.665012,3021
7,4,0,0,-0.025808,3526
7,4,0,1,-0.157895,19
13,9,0,0,-0.397974,16883
13,9,0,1,-0.495868,242
11,3,0,0,0.307885,7990
11,3,0,1,-0.200000,325
15,3,0,0,-0.481481,81
15,3,0,1,-0.245043,15230
13,11,0,0,-0.579592,16993
13,11,0,1,-0.773913,115
9,4,0,0,0.186070,4896
9,4,0,1,-0.203463,924
12,5,0,0,-0.207187,1308
12,5,0,1,-0.131522,15199
19,10,1,0,-0.121951,82
19,10,1,1,0.012405,13140
7,2,0,0,-0.127545,3340
7,2,0,1,-0.294118,17
14,2,0,0,-0.372908,15060
14,2,0,1,-0.346117,1043
11,9,0,0,0.115854,8269
11,9,0,1,-0.546667,75
17,9,0,0,-0.581395,172
17,9,0,1,-0.408601,17161
10,4,0,0,0.282531,5564
10,4,0,1,-0.117021,940
20,4,0,0,-0.761364,88
20,4,0,1,0.644696,16932
11,6,0,0,0.370641,8202
11,6,0,1,-0.076923,39
12,6,0,0,-0.275862,145
12,6,0,1,-0.150093,17176
17,6,0,0,-0.380282,71
17,6,0,1,0.001112,13493
18,5,0,0,-0.750000,44
18,5,0,1,0.209002,11153
15,4,0,0,-0.402827,283
15,4,0,1,-0.192916,14343
19,2,1,0,0.238095,21
19,2,1,1,0.412837,2742
6,4,0,0,-0.096499,2228
6,4,0,1,-0.375000,16
12,9,0,0,-0.368127,6275
12,9,0,1,-0.534214,10975
18,8,0,0,-0.630137,73
18,8,0,1,0.108180,15086
19,9,0,0,-0.735849,53
19,9,0,1,0.260207,13128
20,3,1,0,0.269231,26
20,3,1,1,0.635494,3240
7,5,0,0,0.084011,1845
7,5,0,1,-0.058215,1546
13,10,0,0,-0.456180,72524
13,10,0,1,-0.580626,1693
15,2,0,0,-0.469880,83
15,2,0,1,-0.294572,16563
7,3,0,0,-0.065391,3135
7,3,0,1,-0.181263,491
19,11,1,0,-0.230769,26
19,11,1,1,-0.129630,1944
13,6,1,0,0.157460,1575
13,6,1,1,-0.142169,415
19,10,0,0,-0.728916,332
19,10,0,1,-0.005836,70766
16,11,0,0,-0.654676,17847
16,11,0,1,-0.828326,466
16,2,0,0,-0.594595,74
16,2,0,1,-0.280618,15138
18,11,0,0,-0.794118,102
18,11,0,1,-0.389704,18940
20,5,0,0,-0.806452,93
20,5,0,1,0.679539,16651
14,6,0,0,-0.451613,93
14,6,0,1,-0.157650,15065
5,9,0,0,-0.507463,67
5,9,0,1,-0.492853,1889
18,7,1,0,0.189059,2486
18,7,1,1,-0.100000,10
18,6,0,0,-0.644068,59
18,6,0,1,0.282058,11214
16,10,1,0,-0.258051,9781
16,10,1,1,-0.557719,719
4,2,0,0,-0.714286,7
4,2,0,1,-0.268571,350
10,7,0,0,0.273412,7037
10,7,0,1,-0.500000,48
20,11,1,0,-0.500000,14
20,11,1,1,0.107558,2064
8,3,0,0,0.026667,4200
8,3,0,1,-0.272727,22
14,8,0,0,-0.364714,16953
14,8,0,1,-0.572451,1118
5,6,0,0,0.020369,1031
5,6,0,1,-0.177052,1011
18,4,1,0,0.125557,1346
18,4,1,1,0.197085,1715
18,3,0,0,-0.614035,57
18,3,0,1,0.145274,12060
19,2,0,0,-0.721311,61
19,2,0,1,0.383253,12814
6,5,0,0,-0.010817,2681
6,5,0,1,-0.266667,30
19,3,1,0,0.153846,13
19,3,1,1,0.409230,2947
17,10,0,0,-0.608567,1354
17,10,0,1,-0.458660,80371
20,9,0,0,-0.880952,84
20,9,0,1,0.742889,21446
14,10,0,0,-0.497492,73762
14,10,0,1,-0.597122,417
19,7,0,0,-0.683544,79
19,7,0,1,0.621151,16661
13,8,0,0,-0.352990,16992
13,8,0,1,-0.530466,1116
14,5,0,0,-0.415584,77
14,5,0,1,-0.132472,14856
20,7,0,0,-0.901961,102
20,7,0,1,0.772727,23430
7,10,0,0,-0.384356,15124
7,10,0,1,-0.568445,862
20,8,1,0,0.466667,15
20,8,1,1,0.796157,3331
16,7,0,0,-0.404470,18256
16,7,0,1,-0.501401,357
17,5,0,0,-0.388060,67
17,5,0,1,-0.031006,12191
13,5,0,0,-0.203947,152
13,5,0,1,-0.133362,16189
14,3,0,0,-0.368525,1525
14,3,0,1,-0.235991,13937
15,9,0,0,-0.489235,15559
15,9,0,1,-0.551072,793
9,10,0,0,-0.212752,24874
9,10,0,1,-0.614545,550
12,10,0,0,-0.415136,69594
12,10,0,1,-0.586558,982
16,9,0,0,-0.485313,16307
16,9,0,1,-0.494505,91
10,10,0,0,-0.038840,29300
10,10,0,1,-0.615894,151
19,3,0,0,-0.750000,60
19,3,0,1,0.395564,10911
14,6,1,0,0.126209,1965
14,6,1,1,-0.454545,11
20,10,0,0,-0.839827,462
20,10,0,1,0.447860,90928
20,6,0,0,-0.744681,94
20,6,0,1,0.700734,17172
14,7,0,0,-0.362789,17699
14,7,0,1,-0.505618,89
15,10,0,0,-0.537936,77262
15,10,0,1,-0.549164,1495
19,4,0,0,-0.709091,55
19,4,0,1,0.409323,10383
12,10,1,0,-0.060859,2399
12,10,1,1,-0.549425,435
16,5,0,0,-0.459544,964
16,5,0,1,-0.123566,12204
19,5,0,0,-0.763636,55
19,5,0,1,0.447376,10651
17,8,0,0,-0.512821,78
17,8,0,1,-0.393672,18490
18,11,1,0,-0.373570,1748
18,11,1,1,-0.750000,16
6,3,0,0,-0.116680,1277
6,3,0,1,-0.261745,1043
12,8,0,0,-0.293833,17156
12,8,0,1,-0.483146,89
20,7,1,0,-0.047619,21
20,7,1,1,0.778349,3307
7,9,0,0,-0.316587,3961
7,9,0,1,-0.545455,22
14,4,0,0,-0.323741,139
14,4,0,1,-0.194284,13506
18,10,0,0,-0.671835,387
18,10,0,1,-0.239479,76203
16,4,0,0,-0.424658,73
16,4,0,1,-0.199220,13849
15,11,0,0,-0.635691,11353
15,11,0,1,-0.771049,7067
17,2,0,0,-0.636364,66
17,2,0,1,-0.155590,14686
12,2,0,0,-0.262315,14860
12,2,0,1,-0.394737,76
17,8,1,0,-0.075082,2757
17,8,1,1,-0.480000,25
4,10,0,0,-0.640000,25
4,10,0,1,-0.591226,2872
14,9,0,0,-0.569892,93
14,9,0,1,-0.546162,17222
17,4,0,0,-0.388889,72
17,4,0,1,-0.059610,13169
12,3,0,0,-0.302326,86
12,3,0,1,-0.245830,16845
9,7,0,0,0.190519,5569
9,7,0,1,-0.541899,179
15,5,0,0,-0.415730,89
15,5,0,1,-0.135999,12331
12,7,0,0,-0.232074,17042
12,7,0,1,-0.375000,160
19,8,1,0,0.533333,15
19,8,1,1,0.607599,2816
6,10,0,0,-0.408041,9004
6,10,0,1,-0.587389,1459
15,8,1,0,-0.033818,2336
15,8,1,1,-0.411765,17
10,6,0,0,0.317922,6835
10,6,0,1,-0.333333,33
19,11,0,0,-0.845361,97
19,11,0,1,-0.123966,17658
9,11,0,0,-0.370913,4435
9,11,0,1,-0.764371,1757
10,5,0,0,0.325208,4800
10,5,0,1,-0.079863,2041
17,6,1,0,0.137795,2032
17,6,1,1,-0.111111,27
4,8,0,0,-0.172996,711
4,8,0,1,-0.600000,5
14,11,0,0,-0.604415,16262
14,11,0,1,-0.737393,1051
5,11,0,0,-0.537915,1688
5,11,0,1,-0.743396,265
18,9,1,0,-0.062500,16
18,9,1,1,-0.156496,3048
13,7,0,0,-0.283640,9572
13,7,0,1,-0.486144,8769
10,8,0,0,0.196562,6690
10,8,0,1,-0.333333,24
17,9,1,0,-0.180966,2028
17,9,1,1,-0.415730,623
4,11,0,0,-0.483766,308
4,11,0,1,-0.730120,415
16,6,1,0,0.139979,1936
16,6,1,1,-0.114638,567
11,8,0,0,0.243769,8385
11,8,0,1,-0.681818,44
8,10,0,0,-0.324198,17477
8,10,0,1,-0.603622,1988
7,8,0,0,-0.244576,2535
7,8,0,1,-0.477654,1432
20,6,1,0,0.105263,19
20,6,1,1,0.709890,3185
17,2,1,0,-0.200000,10
17,2,1,1,-0.160626,2428
4,4,0,0,-0.121163,619
4,4,0,1,-0.333333,15
18,7,0,0,-0.559140,93
18,7,0,1,0.400098,18388
8,2,0,0,-0.048127,4031
8,2,0,1,-0.259259,27
20,10,1,0,-0.040000,75
20,10,1,1,0.461707,14141
13,9,1,0,-0.040148,1893
13,9,1,1,-1.000000,7
18,6,1,0,0.185185,27
18,6,1,1,0.270417,2951
5,8,0,0,-0.666667,9
5,8,0,1,-0.506453,1937
17,10,1,0,-0.237482,6910
17,10,1,1,-0.448650,4333
5,2,0,0,-0.714286,7
5,2,0,1,-0.231092,1428
7,7,0,0,-0.112371,3969
7,7,0,1,-0.210526,38
20,5,1,0,0.066667,15
20,5,1,1,0.667548,3026
16,8,0,0,-0.454317,2791
16,8,0,1,-0.511344,16572
13,8,1,0,0.028807,1944
13,8,1,1,-0.300000,20
19,8,0,0,-0.732394,71
19,8,0,1,0.590015,16264
15,8,0,0,-0.408107,18255
15,8,0,1,-0.555556,99
8,8,0,0,-0.066498,4737
8,8,0,1,-0.777778,27
8,6,0,0,0.146242,4178
8,6,0,1,-0.142857,28
17,11,1,0,-0.428889,450
17,11,1,1,-0.671569,1224
5,3,0,0,-0.115632,1401
5,3,0,1,-0.146341,82
20,9,1,0,0.260870,23
20,9,1,1,0.785357,2800
7,11,0,0,-0.554071,1572
7,11,0,1,-0.772016,2237
19,4,1,0,-0.095238,21
19,4,1,1,0.423401,2846
6,6,0,0,0.081439,528
6,6,0,1,-0.142997,2049
15,10,1,0,-0.211607,8960
15,10,1,1,-0.680000,50
11,11,0,0,-0.100691,8968
11,11,0,1,-0.794872,39
13,10,1,0,-0.149948,7656
13,10,1,1,-0.586626,329
15,5,1,0,0.081081,2294
15,5,1,1,-0.222222,18
18,9,0,0,-0.582418,91
18,9,0,1,-0.195898,15406
8,9,0,0,-0.248326,4780
8,9,0,1,-0.760000,25
9,8,0,0,0.107811,6094
9,8,0,1,-0.559140,186
10,9,0,0,0.111699,7180
10,9,0,1,-0.823529,34
5,7,0,0,-0.132879,587
5,7,0,1,-0.497366,1329
18,5,1,0,0.062500,16
18,5,1,1,0.220218,2661
8,11,0,0,-0.474291,4940
8,11,0,1,-0.857143,28
9,5,0,0,0.205040,5833
9,5,0,1,-0.030303,33
14,7,1,0,0.022360,2102
14,7,1,1,-0.500000,12
18,2,1,0,-0.050000,20
18,2,1,1,0.117861,2749
5,4,0,0,-0.111111,9
5,4,0,1,-0.157060,1891
19,7,1,0,0.055556,18
19,7,1,1,0.634076,3140
6,9,0,0,-0.305898,1458
6,9,0,1,-0.557858,1158
9,9,0,0,-0.061024,4572
9,9,0,1,-0.563659,1618
5,5,0,0,-0.166667,12
5,5,0,1,-0.077472,1962
18,3,1,0,0.058553,1742
18,3,1,1,0.191564,1138
4,3,0,0,-1.000000,3
4,3,0,1,-0.210750,707
16,11,1,0,-0.484932,1460
16,11,1,1,-0.776224,143
13,2,1,0,0.040392,817
13,2,1,1,-0.249211,634
15,9,1,0,-0.160018,2256
15,9,1,1,-0.764706,17
11,4,0,0,0.323329,8063
11,4,0,1,-0.466667,30
14,2,1,0,-0.037228,1746
14,2,1,1,-0.272727,308
13,3,1,0,0.049096,1935
13,3,1,1,-0.555556,9
11,5,0,0,0.352144,8187
11,5,0,1,-0.166667,48
16,9,1,0,-0.208961,2455
16,9,1,1,-0.800000,20
14,9,1,0,-0.095897,2096
14,9,1,1,-0.750000,16
9,6,0,0,0.239653,5654
9,6,0,1,-0.250000,40
14,5,1,0,0.101456,2129
14,5,1,1,-0.083333,24
8,7,0,0,0.087117,4867
8,7,0,1,-0.769231,26
8,5,0,0,0.118306,3305
8,5,0,1,-0.099391,986
15,4,1,0,0.020420,1714
15,4,1,1,-0.263158,19
19,5,1,0,0.361702,47
19,5,1,1,0.436876,2804
6,7,0,0,-0.160422,2562
6,7,0,1,-0.437500,32
13,5,1,0,0.145390,1974
13,5,1,1,-0.600000,10
17,7,1,0,0.008811,227
17,7,1,1,-0.097936,2665
4,9,0,0,-0.315930,747
4,9,0,1,-1.000000,4
15,3,1,0,0.016431,2191
15,3,1,1,-0.000000,12
14,3,1,0,0.021290,1550
14,3,1,1,-1.000000,3
15,2,1,0,-0.012284,1791
15,2,1,1,-0.215470,362
17,3,1,0,-0.157895,19
17,3,1,1,-0.113688,2630
4,5,0,0,0.040816,686
4,5,0,1,-0.166667,12
13,7,1,0,0.032871,1947
13,7,1,1,-0.250000,8
12,3,1,0,0.157025,726
12,3,1,1,-1.000000,3
14,11,1,0,-1.000000,6
14,11,1,1,-0.771466,1514
16,4,1,0,0.044627,2308
16,4,1,1,-0.333333,21
12,2,1,0,0.086895,702
12,2,1,1,-1.000000,5
12,7,1,0,0.116358,593
12,7,1,1,-0.400000,140
16,8,1,0,-0.085807,2459
16,8,1,1,-1.000000,8
4,6,0,0,-1.000000,4
4,6,0,1,-0.115880,699
17,4,1,0,0.031595,2627
17,4,1,1,-0.034483,29
17,5,1,0,-0.052632,38
17,5,1,1,-0.003372,2669
4,7,0,0,-0.111492,583
4,7,0,1,-0.611511,139
12,5,1,0,0.161054,683
12,5,1,1,0.000000,10
14,8,1,0,0.057663,1977
14,8,1,1,-0.483146,89
16,3,1,0,-0.034138,2402
16,3,1,1,-0.333333,9
12,11,1,0,-0.397112,277
12,11,1,1,-0.725490,102
15,7,1,0,0.037940,2214
15,7,1,1,-0.800000,10
15,11,1,0,-1.000000,9
15,11,1,1,-0.763636,1430
13,11,1,0,-0.777778,18
13,11,1,1,-0.764786,1471
16,7,1,0,-0.023331,2486
16,7,1,1,-0.600000,20
12,6,1,0,0.211268,710
12,6,1,1,0.111111,9
12,4,1,0,0.136637,666
12,4,1,1,-0.076923,26
